time_from_start,total_rows,cumulative_throughput,batch_rows,batch_inference_time,batch_inference_throughput,batch_time,batch_throughput
0,0,0,0,0,0,0,0
5.59923003899894,10,1.785959842755068,10,3.461240356002236,2.889137699628029,5.59923003899894,1.785959842755068
8.933290332002798,20,2.238816746876747,10,2.5926975210022647,3.856986755683817,3.3340602930038585,2.999345878952414
13.128262559999712,30,2.2851462531993008,10,2.4895160910018603,4.016844894533572,4.194972227996914,2.3838060078826717
17.392935149997356,40,2.299784346634908,10,2.5011901479956578,3.998096669305032,4.2646725899976445,2.3448458912072128
25.39298525400227,50,1.969047731090197,10,2.446524134000356,4.087431577324692,8.000050104004913,1.2499921712982636
29.990092430001823,60,2.000660722871815,10,2.499625524003932,4.000599251355808,4.597107175999554,2.175281022858835
34.16988227899856,70,2.0485876839857684,10,2.4743011070022476,4.041545296043436,4.179789848996734,2.392464779634861
38.326142063997395,80,2.087348104758761,10,2.4696391690013115,4.049174521330524,4.156259784998838,2.406009373161162
